full_name,username,class
Huỳnh Minh Quân,hs10a01,10A1
Bùi Văn Châu,,10A1
Ngô Quốc Dũng,,10A1
Huỳnh Thanh Bình,hs10a04,10A1
Dương Quốc Hùng,,10A1
Nguyễn Thị Sơn,,10A1
Phan Thị Khánh,hs10a07,10A1
Trần Quốc Sơn,,10A1
Nguyễn Thanh Dũng,,10A1
Phạm Thanh Bình,hs10a10,10A1
Đặng Thanh Quân,,10A1
Nguyễn Ngọc Bình,,10A1
Võ Minh Mai,hs10a13,10A1
Phan Minh Việt,,10A1
Trần Thanh Mai,,10A1
Võ Minh Dũng,hs10a16,10A2
Đặng Thanh Hùng,,10A2
Huỳnh Thị Việt,,10A2
Đỗ Thị Yến,hs10a19,10A2
Nguyễn Thanh Hùng,,10A2
Vũ Quốc Sơn,,10A2
Hồ Đức Trang,hs10a22,10A2
Đặng Hải Phúc,,10A2
Hoàng Ngọc Hà,,10A2
Đỗ Ngọc Châu,hs10a25,10A2
Đặng Gia Uyên,,10A2
Vũ Đức Trang,,10A2
Hoàng Thanh Châu,hs10a28,10A2
Trần Quốc Sơn,,10A2
Lê Đức Giang,,10A2
